price buy,capacity,nb doors,safety,lug_boot,price maint,accept
vhigh,small,2,unacc,low,2,vhigh
vhigh,small,2,unacc,med,2,vhigh
vhigh,small,2,unacc,high,2,vhigh
vhigh,med,2,unacc,low,2,vhigh
vhigh,med,2,unacc,med,2,vhigh
vhigh,med,2,unacc,high,2,vhigh
vhigh,big,2,unacc,low,2,vhigh
vhigh,big,2,unacc,med,2,vhigh
vhigh,big,2,unacc,high,2,vhigh
vhigh,small,4,unacc,low,2,vhigh
vhigh,small,4,unacc,med,2,vhigh
vhigh,small,4,unacc,high,2,vhigh
vhigh,med,4,unacc,low,2,vhigh
vhigh,med,4,unacc,med,2,vhigh
vhigh,med,4,unacc,high,2,vhigh
vhigh,big,4,unacc,low,2,vhigh
vhigh,big,4,unacc,med,2,vhigh
vhigh,big,4,unacc,high,2,vhigh
vhigh,small,more,unacc,low,2,vhigh
vhigh,small,more,unacc,med,2,vhigh
vhigh,small,more,unacc,high,2,vhigh
vhigh,med,more,unacc,low,2,vhigh
vhigh,med,more,unacc,med,2,vhigh
vhigh,med,more,unacc,high,2,vhigh
vhigh,big,more,unacc,low,2,vhigh
vhigh,big,more,unacc,med,2,vhigh
vhigh,big,more,unacc,high,2,vhigh
vhigh,small,2,unacc,low,3,vhigh
vhigh,small,2,unacc,med,3,vhigh
vhigh,small,2,unacc,high,3,vhigh
vhigh,med,2,unacc,low,3,vhigh
vhigh,med,2,unacc,med,3,vhigh
vhigh,med,2,unacc,high,3,vhigh
vhigh,big,2,unacc,low,3,vhigh
vhigh,big,2,unacc,med,3,vhigh
vhigh,big,2,unacc,high,3,vhigh
vhigh,small,4,unacc,low,3,vhigh
vhigh,small,4,unacc,med,3,vhigh
vhigh,small,4,unacc,high,3,vhigh
vhigh,med,4,unacc,low,3,vhigh
vhigh,med,4,unacc,med,3,vhigh
vhigh,med,4,unacc,high,3,vhigh
vhigh,big,4,unacc,low,3,vhigh
vhigh,big,4,unacc,med,3,vhigh
vhigh,big,4,unacc,high,3,vhigh
vhigh,small,more,unacc,low,3,vhigh
vhigh,small,more,unacc,med,3,vhigh
vhigh,small,more,unacc,high,3,vhigh
vhigh,med,more,unacc,low,3,vhigh
vhigh,med,more,unacc,med,3,vhigh
vhigh,med,more,unacc,high,3,vhigh
vhigh,big,more,unacc,low,3,vhigh
vhigh,big,more,unacc,med,3,vhigh
vhigh,big,more,unacc,high,3,vhigh
vhigh,small,2,unacc,low,4,vhigh
vhigh,small,2,unacc,med,4,vhigh
vhigh,small,2,unacc,high,4,vhigh
vhigh,med,2,unacc,low,4,vhigh
vhigh,med,2,unacc,med,4,vhigh
vhigh,med,2,unacc,high,4,vhigh
vhigh,big,2,unacc,low,4,vhigh
vhigh,big,2,unacc,med,4,vhigh
vhigh,big,2,unacc,high,4,vhigh
vhigh,small,4,unacc,low,4,vhigh
vhigh,small,4,unacc,med,4,vhigh
vhigh,small,4,unacc,high,4,vhigh
vhigh,med,4,unacc,low,4,vhigh
vhigh,med,4,unacc,med,4,vhigh
vhigh,med,4,unacc,high,4,vhigh
vhigh,big,4,unacc,low,4,vhigh
vhigh,big,4,unacc,med,4,vhigh
vhigh,big,4,unacc,high,4,vhigh
vhigh,small,more,unacc,low,4,vhigh
vhigh,small,more,unacc,med,4,vhigh
vhigh,small,more,unacc,high,4,vhigh
vhigh,med,more,unacc,low,4,vhigh
vhigh,med,more,unacc,med,4,vhigh
vhigh,med,more,unacc,high,4,vhigh
vhigh,big,more,unacc,low,4,vhigh
vhigh,big,more,unacc,med,4,vhigh
vhigh,big,more,unacc,high,4,vhigh
vhigh,small,2,unacc,low,5more,vhigh
vhigh,small,2,unacc,med,5more,vhigh
vhigh,small,2,unacc,high,5more,vhigh
vhigh,med,2,unacc,low,5more,vhigh
vhigh,med,2,unacc,med,5more,vhigh
vhigh,med,2,unacc,high,5more,vhigh
vhigh,big,2,unacc,low,5more,vhigh
vhigh,big,2,unacc,med,5more,vhigh
vhigh,big,2,unacc,high,5more,vhigh
vhigh,small,4,unacc,low,5more,vhigh
vhigh,small,4,unacc,med,5more,vhigh
vhigh,small,4,unacc,high,5more,vhigh
vhigh,med,4,unacc,low,5more,vhigh
vhigh,med,4,unacc,med,5more,vhigh
vhigh,med,4,unacc,high,5more,vhigh
vhigh,big,4,unacc,low,5more,vhigh
vhigh,big,4,unacc,med,5more,vhigh
vhigh,big,4,unacc,high,5more,vhigh
vhigh,small,more,unacc,low,5more,vhigh
vhigh,small,more,unacc,med,5more,vhigh
vhigh,small,more,unacc,high,5more,vhigh
vhigh,med,more,unacc,low,5more,vhigh
vhigh,med,more,unacc,med,5more,vhigh
vhigh,med,more,unacc,high,5more,vhigh
vhigh,big,more,unacc,low,5more,vhigh
vhigh,big,more,unacc,med,5more,vhigh
vhigh,big,more,unacc,high,5more,vhigh
high,small,2,unacc,low,2,vhigh
high,small,2,unacc,med,2,vhigh
high,small,2,unacc,high,2,vhigh
high,med,2,unacc,low,2,vhigh
high,med,2,unacc,med,2,vhigh
high,med,2,unacc,high,2,vhigh
high,big,2,unacc,low,2,vhigh
high,big,2,unacc,med,2,vhigh
high,big,2,unacc,high,2,vhigh
high,small,4,unacc,low,2,vhigh
high,small,4,unacc,med,2,vhigh
high,small,4,unacc,high,2,vhigh
high,med,4,unacc,low,2,vhigh
high,med,4,unacc,med,2,vhigh
high,med,4,unacc,high,2,vhigh
high,big,4,unacc,low,2,vhigh
high,big,4,unacc,med,2,vhigh
high,big,4,unacc,high,2,vhigh
high,small,more,unacc,low,2,vhigh
high,small,more,unacc,med,2,vhigh
high,small,more,unacc,high,2,vhigh
high,med,more,unacc,low,2,vhigh
high,med,more,unacc,med,2,vhigh
high,med,more,unacc,high,2,vhigh
high,big,more,unacc,low,2,vhigh
high,big,more,unacc,med,2,vhigh
high,big,more,unacc,high,2,vhigh
high,small,2,unacc,low,3,vhigh
high,small,2,unacc,med,3,vhigh
high,small,2,unacc,high,3,vhigh
high,med,2,unacc,low,3,vhigh
high,med,2,unacc,med,3,vhigh
high,med,2,unacc,high,3,vhigh
high,big,2,unacc,low,3,vhigh
high,big,2,unacc,med,3,vhigh
high,big,2,unacc,high,3,vhigh
high,small,4,unacc,low,3,vhigh
high,small,4,unacc,med,3,vhigh
high,small,4,unacc,high,3,vhigh
high,med,4,unacc,low,3,vhigh
high,med,4,unacc,med,3,vhigh
high,med,4,unacc,high,3,vhigh
high,big,4,unacc,low,3,vhigh
high,big,4,unacc,med,3,vhigh
high,big,4,unacc,high,3,vhigh
high,small,more,unacc,low,3,vhigh
high,small,more,unacc,med,3,vhigh
high,small,more,unacc,high,3,vhigh
high,med,more,unacc,low,3,vhigh
high,med,more,unacc,med,3,vhigh
high,med,more,unacc,high,3,vhigh
high,big,more,unacc,low,3,vhigh
high,big,more,unacc,med,3,vhigh
high,big,more,unacc,high,3,vhigh
high,small,2,unacc,low,4,vhigh
high,small,2,unacc,med,4,vhigh
high,small,2,unacc,high,4,vhigh
high,med,2,unacc,low,4,vhigh
high,med,2,unacc,med,4,vhigh
high,med,2,unacc,high,4,vhigh
high,big,2,unacc,low,4,vhigh
high,big,2,unacc,med,4,vhigh
high,big,2,unacc,high,4,vhigh
high,small,4,unacc,low,4,vhigh
high,small,4,unacc,med,4,vhigh
high,small,4,unacc,high,4,vhigh
high,med,4,unacc,low,4,vhigh
high,med,4,unacc,med,4,vhigh
high,med,4,unacc,high,4,vhigh
high,big,4,unacc,low,4,vhigh
high,big,4,unacc,med,4,vhigh
high,big,4,unacc,high,4,vhigh
high,small,more,unacc,low,4,vhigh
high,small,more,unacc,med,4,vhigh
high,small,more,unacc,high,4,vhigh
high,med,more,unacc,low,4,vhigh
high,med,more,unacc,med,4,vhigh
high,med,more,unacc,high,4,vhigh
high,big,more,unacc,low,4,vhigh
high,big,more,unacc,med,4,vhigh
high,big,more,unacc,high,4,vhigh
high,small,2,unacc,low,5more,vhigh
high,small,2,unacc,med,5more,vhigh
high,small,2,unacc,high,5more,vhigh
high,med,2,unacc,low,5more,vhigh
high,med,2,unacc,med,5more,vhigh
high,med,2,unacc,high,5more,vhigh
high,big,2,unacc,low,5more,vhigh
high,big,2,unacc,med,5more,vhigh
high,big,2,unacc,high,5more,vhigh
high,small,4,unacc,low,5more,vhigh
high,small,4,unacc,med,5more,vhigh
high,small,4,unacc,high,5more,vhigh
high,med,4,unacc,low,5more,vhigh
high,med,4,unacc,med,5more,vhigh
high,med,4,unacc,high,5more,vhigh
high,big,4,unacc,low,5more,vhigh
high,big,4,unacc,med,5more,vhigh
high,big,4,unacc,high,5more,vhigh
high,small,more,unacc,low,5more,vhigh
high,small,more,unacc,med,5more,vhigh
high,small,more,unacc,high,5more,vhigh
high,med,more,unacc,low,5more,vhigh
high,med,more,unacc,med,5more,vhigh
high,med,more,unacc,high,5more,vhigh
high,big,more,unacc,low,5more,vhigh
high,big,more,unacc,med,5more,vhigh
high,big,more,unacc,high,5more,vhigh
med,small,2,unacc,low,2,vhigh
med,small,2,unacc,med,2,vhigh
med,small,2,unacc,high,2,vhigh
med,med,2,unacc,low,2,vhigh
med,med,2,unacc,med,2,vhigh
med,med,2,unacc,high,2,vhigh
med,big,2,unacc,low,2,vhigh
med,big,2,unacc,med,2,vhigh
med,big,2,unacc,high,2,vhigh
med,small,4,unacc,low,2,vhigh
med,small,4,unacc,med,2,vhigh
med,small,4,acc,high,2,vhigh
med,med,4,unacc,low,2,vhigh
med,med,4,unacc,med,2,vhigh
med,med,4,acc,high,2,vhigh
med,big,4,unacc,low,2,vhigh
med,big,4,acc,med,2,vhigh
med,big,4,acc,high,2,vhigh
med,small,more,unacc,low,2,vhigh
med,small,more,unacc,med,2,vhigh
med,small,more,unacc,high,2,vhigh
med,med,more,unacc,low,2,vhigh
med,med,more,unacc,med,2,vhigh
med,med,more,acc,high,2,vhigh
med,big,more,unacc,low,2,vhigh
med,big,more,acc,med,2,vhigh
med,big,more,acc,high,2,vhigh
med,small,2,unacc,low,3,vhigh
med,small,2,unacc,med,3,vhigh
med,small,2,unacc,high,3,vhigh
med,med,2,unacc,low,3,vhigh
med,med,2,unacc,med,3,vhigh
med,med,2,unacc,high,3,vhigh
med,big,2,unacc,low,3,vhigh
med,big,2,unacc,med,3,vhigh
med,big,2,unacc,high,3,vhigh
med,small,4,unacc,low,3,vhigh
med,small,4,unacc,med,3,vhigh
med,small,4,acc,high,3,vhigh
med,med,4,unacc,low,3,vhigh
med,med,4,unacc,med,3,vhigh
med,med,4,acc,high,3,vhigh
med,big,4,unacc,low,3,vhigh
med,big,4,acc,med,3,vhigh
med,big,4,acc,high,3,vhigh
med,small,more,unacc,low,3,vhigh
med,small,more,unacc,med,3,vhigh
med,small,more,acc,high,3,vhigh
med,med,more,unacc,low,3,vhigh
med,med,more,acc,med,3,vhigh
med,med,more,acc,high,3,vhigh
med,big,more,unacc,low,3,vhigh
med,big,more,acc,med,3,vhigh
med,big,more,acc,high,3,vhigh
med,small,2,unacc,low,4,vhigh
med,small,2,unacc,med,4,vhigh
med,small,2,unacc,high,4,vhigh
med,med,2,unacc,low,4,vhigh
med,med,2,unacc,med,4,vhigh
med,med,2,unacc,high,4,vhigh
med,big,2,unacc,low,4,vhigh
med,big,2,unacc,med,4,vhigh
med,big,2,unacc,high,4,vhigh
med,small,4,unacc,low,4,vhigh
med,small,4,unacc,med,4,vhigh
med,small,4,acc,high,4,vhigh
med,med,4,unacc,low,4,vhigh
med,med,4,acc,med,4,vhigh
med,med,4,acc,high,4,vhigh
med,big,4,unacc,low,4,vhigh
med,big,4,acc,med,4,vhigh
med,big,4,acc,high,4,vhigh
med,small,more,unacc,low,4,vhigh
med,small,more,unacc,med,4,vhigh
med,small,more,acc,high,4,vhigh
med,med,more,unacc,low,4,vhigh
med,med,more,acc,med,4,vhigh
med,med,more,acc,high,4,vhigh
med,big,more,unacc,low,4,vhigh
med,big,more,acc,med,4,vhigh
med,big,more,acc,high,4,vhigh
med,small,2,unacc,low,5more,vhigh
med,small,2,unacc,med,5more,vhigh
med,small,2,unacc,high,5more,vhigh
med,med,2,unacc,low,5more,vhigh
med,med,2,unacc,med,5more,vhigh
med,med,2,unacc,high,5more,vhigh
med,big,2,unacc,low,5more,vhigh
med,big,2,unacc,med,5more,vhigh
med,big,2,unacc,high,5more,vhigh
med,small,4,unacc,low,5more,vhigh
med,small,4,unacc,med,5more,vhigh
med,small,4,acc,high,5more,vhigh
med,med,4,unacc,low,5more,vhigh
med,med,4,acc,med,5more,vhigh
med,med,4,acc,high,5more,vhigh
med,big,4,unacc,low,5more,vhigh
med,big,4,acc,med,5more,vhigh
med,big,4,acc,high,5more,vhigh
med,small,more,unacc,low,5more,vhigh
med,small,more,unacc,med,5more,vhigh
med,small,more,acc,high,5more,vhigh
med,med,more,unacc,low,5more,vhigh
med,med,more,acc,med,5more,vhigh
med,med,more,acc,high,5more,vhigh
med,big,more,unacc,low,5more,vhigh
med,big,more,acc,med,5more,vhigh
med,big,more,acc,high,5more,vhigh
low,small,2,unacc,low,2,vhigh
low,small,2,unacc,med,2,vhigh
low,small,2,unacc,high,2,vhigh
low,med,2,unacc,low,2,vhigh
low,med,2,unacc,med,2,vhigh
low,med,2,unacc,high,2,vhigh
low,big,2,unacc,low,2,vhigh
low,big,2,unacc,med,2,vhigh
low,big,2,unacc,high,2,vhigh
low,small,4,unacc,low,2,vhigh
low,small,4,unacc,med,2,vhigh
low,small,4,acc,high,2,vhigh
low,med,4,unacc,low,2,vhigh
low,med,4,unacc,med,2,vhigh
low,med,4,acc,high,2,vhigh
low,big,4,unacc,low,2,vhigh
low,big,4,acc,med,2,vhigh
low,big,4,acc,high,2,vhigh
low,small,more,unacc,low,2,vhigh
low,small,more,unacc,med,2,vhigh
low,small,more,unacc,high,2,vhigh
low,med,more,unacc,low,2,vhigh
low,med,more,unacc,med,2,vhigh
low,med,more,acc,high,2,vhigh
low,big,more,unacc,low,2,vhigh
low,big,more,acc,med,2,vhigh
low,big,more,acc,high,2,vhigh
low,small,2,unacc,low,3,vhigh
low,small,2,unacc,med,3,vhigh
low,small,2,unacc,high,3,vhigh
low,med,2,unacc,low,3,vhigh
low,med,2,unacc,med,3,vhigh
low,med,2,unacc,high,3,vhigh
low,big,2,unacc,low,3,vhigh
low,big,2,unacc,med,3,vhigh
low,big,2,unacc,high,3,vhigh
low,small,4,unacc,low,3,vhigh
low,small,4,unacc,med,3,vhigh
low,small,4,acc,high,3,vhigh
low,med,4,unacc,low,3,vhigh
low,med,4,unacc,med,3,vhigh
low,med,4,acc,high,3,vhigh
low,big,4,unacc,low,3,vhigh
low,big,4,acc,med,3,vhigh
low,big,4,acc,high,3,vhigh
low,small,more,unacc,low,3,vhigh
low,small,more,unacc,med,3,vhigh
low,small,more,acc,high,3,vhigh
low,med,more,unacc,low,3,vhigh
low,med,more,acc,med,3,vhigh
low,med,more,acc,high,3,vhigh
low,big,more,unacc,low,3,vhigh
low,big,more,acc,med,3,vhigh
low,big,more,acc,high,3,vhigh
low,small,2,unacc,low,4,vhigh
low,small,2,unacc,med,4,vhigh
low,small,2,unacc,high,4,vhigh
low,med,2,unacc,low,4,vhigh
low,med,2,unacc,med,4,vhigh
low,med,2,unacc,high,4,vhigh
low,big,2,unacc,low,4,vhigh
low,big,2,unacc,med,4,vhigh
low,big,2,unacc,high,4,vhigh
low,small,4,unacc,low,4,vhigh
low,small,4,unacc,med,4,vhigh
low,small,4,acc,high,4,vhigh
low,med,4,unacc,low,4,vhigh
low,med,4,acc,med,4,vhigh
low,med,4,acc,high,4,vhigh
low,big,4,unacc,low,4,vhigh
low,big,4,acc,med,4,vhigh
low,big,4,acc,high,4,vhigh
low,small,more,unacc,low,4,vhigh
low,small,more,unacc,med,4,vhigh
low,small,more,acc,high,4,vhigh
low,med,more,unacc,low,4,vhigh
low,med,more,acc,med,4,vhigh
low,med,more,acc,high,4,vhigh
low,big,more,unacc,low,4,vhigh
low,big,more,acc,med,4,vhigh
low,big,more,acc,high,4,vhigh
low,small,2,unacc,low,5more,vhigh
low,small,2,unacc,med,5more,vhigh
low,small,2,unacc,high,5more,vhigh
low,med,2,unacc,low,5more,vhigh
low,med,2,unacc,med,5more,vhigh
low,med,2,unacc,high,5more,vhigh
low,big,2,unacc,low,5more,vhigh
low,big,2,unacc,med,5more,vhigh
low,big,2,unacc,high,5more,vhigh
low,small,4,unacc,low,5more,vhigh
low,small,4,unacc,med,5more,vhigh
low,small,4,acc,high,5more,vhigh
low,med,4,unacc,low,5more,vhigh
low,med,4,acc,med,5more,vhigh
low,med,4,acc,high,5more,vhigh
low,big,4,unacc,low,5more,vhigh
low,big,4,acc,med,5more,vhigh
low,big,4,acc,high,5more,vhigh
low,small,more,unacc,low,5more,vhigh
low,small,more,unacc,med,5more,vhigh
low,small,more,acc,high,5more,vhigh
low,med,more,unacc,low,5more,vhigh
low,med,more,acc,med,5more,vhigh
low,med,more,acc,high,5more,vhigh
low,big,more,unacc,low,5more,vhigh
low,big,more,acc,med,5more,vhigh
low,big,more,acc,high,5more,vhigh
vhigh,small,2,unacc,low,2,high
vhigh,small,2,unacc,med,2,high
vhigh,small,2,unacc,high,2,high
vhigh,med,2,unacc,low,2,high
vhigh,med,2,unacc,med,2,high
vhigh,med,2,unacc,high,2,high
vhigh,big,2,unacc,low,2,high
vhigh,big,2,unacc,med,2,high
vhigh,big,2,unacc,high,2,high
vhigh,small,4,unacc,low,2,high
vhigh,small,4,unacc,med,2,high
vhigh,small,4,unacc,high,2,high
vhigh,med,4,unacc,low,2,high
vhigh,med,4,unacc,med,2,high
vhigh,med,4,unacc,high,2,high
vhigh,big,4,unacc,low,2,high
vhigh,big,4,unacc,med,2,high
vhigh,big,4,unacc,high,2,high
vhigh,small,more,unacc,low,2,high
vhigh,small,more,unacc,med,2,high
vhigh,small,more,unacc,high,2,high
vhigh,med,more,unacc,low,2,high
vhigh,med,more,unacc,med,2,high
vhigh,med,more,unacc,high,2,high
vhigh,big,more,unacc,low,2,high
vhigh,big,more,unacc,med,2,high
vhigh,big,more,unacc,high,2,high
vhigh,small,2,unacc,low,3,high
vhigh,small,2,unacc,med,3,high
vhigh,small,2,unacc,high,3,high
vhigh,med,2,unacc,low,3,high
vhigh,med,2,unacc,med,3,high
vhigh,med,2,unacc,high,3,high
vhigh,big,2,unacc,low,3,high
vhigh,big,2,unacc,med,3,high
vhigh,big,2,unacc,high,3,high
vhigh,small,4,unacc,low,3,high
vhigh,small,4,unacc,med,3,high
vhigh,small,4,unacc,high,3,high
vhigh,med,4,unacc,low,3,high
vhigh,med,4,unacc,med,3,high
vhigh,med,4,unacc,high,3,high
vhigh,big,4,unacc,low,3,high
vhigh,big,4,unacc,med,3,high
vhigh,big,4,unacc,high,3,high
vhigh,small,more,unacc,low,3,high
vhigh,small,more,unacc,med,3,high
vhigh,small,more,unacc,high,3,high
vhigh,med,more,unacc,low,3,high
vhigh,med,more,unacc,med,3,high
vhigh,med,more,unacc,high,3,high
vhigh,big,more,unacc,low,3,high
vhigh,big,more,unacc,med,3,high
vhigh,big,more,unacc,high,3,high
vhigh,small,2,unacc,low,4,high
vhigh,small,2,unacc,med,4,high
vhigh,small,2,unacc,high,4,high
vhigh,med,2,unacc,low,4,high
vhigh,med,2,unacc,med,4,high
vhigh,med,2,unacc,high,4,high
vhigh,big,2,unacc,low,4,high
vhigh,big,2,unacc,med,4,high
vhigh,big,2,unacc,high,4,high
vhigh,small,4,unacc,low,4,high
vhigh,small,4,unacc,med,4,high
vhigh,small,4,unacc,high,4,high
vhigh,med,4,unacc,low,4,high
vhigh,med,4,unacc,med,4,high
vhigh,med,4,unacc,high,4,high
vhigh,big,4,unacc,low,4,high
vhigh,big,4,unacc,med,4,high
vhigh,big,4,unacc,high,4,high
vhigh,small,more,unacc,low,4,high
vhigh,small,more,unacc,med,4,high
vhigh,small,more,unacc,high,4,high
vhigh,med,more,unacc,low,4,high
vhigh,med,more,unacc,med,4,high
vhigh,med,more,unacc,high,4,high
vhigh,big,more,unacc,low,4,high
vhigh,big,more,unacc,med,4,high
vhigh,big,more,unacc,high,4,high
vhigh,small,2,unacc,low,5more,high
vhigh,small,2,unacc,med,5more,high
vhigh,small,2,unacc,high,5more,high
vhigh,med,2,unacc,low,5more,high
vhigh,med,2,unacc,med,5more,high
vhigh,med,2,unacc,high,5more,high
vhigh,big,2,unacc,low,5more,high
vhigh,big,2,unacc,med,5more,high
vhigh,big,2,unacc,high,5more,high
vhigh,small,4,unacc,low,5more,high
vhigh,small,4,unacc,med,5more,high
vhigh,small,4,unacc,high,5more,high
vhigh,med,4,unacc,low,5more,high
vhigh,med,4,unacc,med,5more,high
vhigh,med,4,unacc,high,5more,high
vhigh,big,4,unacc,low,5more,high
vhigh,big,4,unacc,med,5more,high
vhigh,big,4,unacc,high,5more,high
vhigh,small,more,unacc,low,5more,high
vhigh,small,more,unacc,med,5more,high
vhigh,small,more,unacc,high,5more,high
vhigh,med,more,unacc,low,5more,high
vhigh,med,more,unacc,med,5more,high
vhigh,med,more,unacc,high,5more,high
vhigh,big,more,unacc,low,5more,high
vhigh,big,more,unacc,med,5more,high
vhigh,big,more,unacc,high,5more,high
high,small,2,unacc,low,2,high
high,small,2,unacc,med,2,high
high,small,2,unacc,high,2,high
high,med,2,unacc,low,2,high
high,med,2,unacc,med,2,high
high,med,2,unacc,high,2,high
high,big,2,unacc,low,2,high
high,big,2,unacc,med,2,high
high,big,2,unacc,high,2,high
high,small,4,unacc,low,2,high
high,small,4,unacc,med,2,high
high,small,4,acc,high,2,high
high,med,4,unacc,low,2,high
high,med,4,unacc,med,2,high
high,med,4,acc,high,2,high
high,big,4,unacc,low,2,high
high,big,4,acc,med,2,high
high,big,4,acc,high,2,high
high,small,more,unacc,low,2,high
high,small,more,unacc,med,2,high
high,small,more,unacc,high,2,high
high,med,more,unacc,low,2,high
high,med,more,unacc,med,2,high
high,med,more,acc,high,2,high
high,big,more,unacc,low,2,high
high,big,more,acc,med,2,high
high,big,more,acc,high,2,high
high,small,2,unacc,low,3,high
high,small,2,unacc,med,3,high
high,small,2,unacc,high,3,high
high,med,2,unacc,low,3,high
high,med,2,unacc,med,3,high
high,med,2,unacc,high,3,high
high,big,2,unacc,low,3,high
high,big,2,unacc,med,3,high
high,big,2,unacc,high,3,high
high,small,4,unacc,low,3,high
high,small,4,unacc,med,3,high
high,small,4,acc,high,3,high
high,med,4,unacc,low,3,high
high,med,4,unacc,med,3,high
high,med,4,acc,high,3,high
high,big,4,unacc,low,3,high
high,big,4,acc,med,3,high
high,big,4,acc,high,3,high
high,small,more,unacc,low,3,high
high,small,more,unacc,med,3,high
high,small,more,acc,high,3,high
high,med,more,unacc,low,3,high
high,med,more,acc,med,3,high
high,med,more,acc,high,3,high
high,big,more,unacc,low,3,high
high,big,more,acc,med,3,high
high,big,more,acc,high,3,high
high,small,2,unacc,low,4,high
high,small,2,unacc,med,4,high
high,small,2,unacc,high,4,high
high,med,2,unacc,low,4,high
high,med,2,unacc,med,4,high
high,med,2,unacc,high,4,high
high,big,2,unacc,low,4,high
high,big,2,unacc,med,4,high
high,big,2,unacc,high,4,high
high,small,4,unacc,low,4,high
high,small,4,unacc,med,4,high
high,small,4,acc,high,4,high
high,med,4,unacc,low,4,high
high,med,4,acc,med,4,high
high,med,4,acc,high,4,high
high,big,4,unacc,low,4,high
high,big,4,acc,med,4,high
high,big,4,acc,high,4,high
high,small,more,unacc,low,4,high
high,small,more,unacc,med,4,high
high,small,more,acc,high,4,high
high,med,more,unacc,low,4,high
high,med,more,acc,med,4,high
high,med,more,acc,high,4,high
high,big,more,unacc,low,4,high
high,big,more,acc,med,4,high
high,big,more,acc,high,4,high
high,small,2,unacc,low,5more,high
high,small,2,unacc,med,5more,high
high,small,2,unacc,high,5more,high
high,med,2,unacc,low,5more,high
high,med,2,unacc,med,5more,high
high,med,2,unacc,high,5more,high
high,big,2,unacc,low,5more,high
high,big,2,unacc,med,5more,high
high,big,2,unacc,high,5more,high
high,small,4,unacc,low,5more,high
high,small,4,unacc,med,5more,high
high,small,4,acc,high,5more,high
high,med,4,unacc,low,5more,high
high,med,4,acc,med,5more,high
high,med,4,acc,high,5more,high
high,big,4,unacc,low,5more,high
high,big,4,acc,med,5more,high
high,big,4,acc,high,5more,high
high,small,more,unacc,low,5more,high
high,small,more,unacc,med,5more,high
high,small,more,acc,high,5more,high
high,med,more,unacc,low,5more,high
high,med,more,acc,med,5more,high
high,med,more,acc,high,5more,high
high,big,more,unacc,low,5more,high
high,big,more,acc,med,5more,high
high,big,more,acc,high,5more,high
med,small,2,unacc,low,2,high
med,small,2,unacc,med,2,high
med,small,2,unacc,high,2,high
med,med,2,unacc,low,2,high
med,med,2,unacc,med,2,high
med,med,2,unacc,high,2,high
med,big,2,unacc,low,2,high
med,big,2,unacc,med,2,high
med,big,2,unacc,high,2,high
med,small,4,unacc,low,2,high
med,small,4,unacc,med,2,high
med,small,4,acc,high,2,high
med,med,4,unacc,low,2,high
med,med,4,unacc,med,2,high
med,med,4,acc,high,2,high
med,big,4,unacc,low,2,high
med,big,4,acc,med,2,high
med,big,4,acc,high,2,high
med,small,more,unacc,low,2,high
med,small,more,unacc,med,2,high
med,small,more,unacc,high,2,high
med,med,more,unacc,low,2,high
med,med,more,unacc,med,2,high
med,med,more,acc,high,2,high
med,big,more,unacc,low,2,high
med,big,more,acc,med,2,high
med,big,more,acc,high,2,high
med,small,2,unacc,low,3,high
med,small,2,unacc,med,3,high
med,small,2,unacc,high,3,high
med,med,2,unacc,low,3,high
med,med,2,unacc,med,3,high
med,med,2,unacc,high,3,high
med,big,2,unacc,low,3,high
med,big,2,unacc,med,3,high
med,big,2,unacc,high,3,high
med,small,4,unacc,low,3,high
med,small,4,unacc,med,3,high
med,small,4,acc,high,3,high
med,med,4,unacc,low,3,high
med,med,4,unacc,med,3,high
med,med,4,acc,high,3,high
med,big,4,unacc,low,3,high
med,big,4,acc,med,3,high
med,big,4,acc,high,3,high
med,small,more,unacc,low,3,high
med,small,more,unacc,med,3,high
med,small,more,acc,high,3,high
med,med,more,unacc,low,3,high
med,med,more,acc,med,3,high
med,med,more,acc,high,3,high
med,big,more,unacc,low,3,high
med,big,more,acc,med,3,high
med,big,more,acc,high,3,high
med,small,2,unacc,low,4,high
med,small,2,unacc,med,4,high
med,small,2,unacc,high,4,high
med,med,2,unacc,low,4,high
med,med,2,unacc,med,4,high
med,med,2,unacc,high,4,high
med,big,2,unacc,low,4,high
med,big,2,unacc,med,4,high
med,big,2,unacc,high,4,high
med,small,4,unacc,low,4,high
med,small,4,unacc,med,4,high
med,small,4,acc,high,4,high
med,med,4,unacc,low,4,high
med,med,4,acc,med,4,high
med,med,4,acc,high,4,high
med,big,4,unacc,low,4,high
med,big,4,acc,med,4,high
med,big,4,acc,high,4,high
med,small,more,unacc,low,4,high
med,small,more,unacc,med,4,high
med,small,more,acc,high,4,high
med,med,more,unacc,low,4,high
med,med,more,acc,med,4,high
med,med,more,acc,high,4,high
med,big,more,unacc,low,4,high
med,big,more,acc,med,4,high
med,big,more,acc,high,4,high
med,small,2,unacc,low,5more,high
med,small,2,unacc,med,5more,high
med,small,2,unacc,high,5more,high
med,med,2,unacc,low,5more,high
med,med,2,unacc,med,5more,high
med,med,2,unacc,high,5more,high
med,big,2,unacc,low,5more,high
med,big,2,unacc,med,5more,high
med,big,2,unacc,high,5more,high
med,small,4,unacc,low,5more,high
med,small,4,unacc,med,5more,high
med,small,4,acc,high,5more,high
med,med,4,unacc,low,5more,high
med,med,4,acc,med,5more,high
med,med,4,acc,high,5more,high
med,big,4,unacc,low,5more,high
med,big,4,acc,med,5more,high
med,big,4,acc,high,5more,high
med,small,more,unacc,low,5more,high
med,small,more,unacc,med,5more,high
med,small,more,acc,high,5more,high
med,med,more,unacc,low,5more,high
med,med,more,acc,med,5more,high
med,med,more,acc,high,5more,high
med,big,more,unacc,low,5more,high
med,big,more,acc,med,5more,high
med,big,more,acc,high,5more,high
low,small,2,unacc,low,2,high
low,small,2,unacc,med,2,high
low,small,2,unacc,high,2,high
low,med,2,unacc,low,2,high
low,med,2,unacc,med,2,high
low,med,2,unacc,high,2,high
low,big,2,unacc,low,2,high
low,big,2,unacc,med,2,high
low,big,2,unacc,high,2,high
low,small,4,unacc,low,2,high
low,small,4,unacc,med,2,high
low,small,4,acc,high,2,high
low,med,4,unacc,low,2,high
low,med,4,unacc,med,2,high
low,med,4,acc,high,2,high
low,big,4,unacc,low,2,high
low,big,4,acc,med,2,high
low,big,4,acc,high,2,high
low,small,more,unacc,low,2,high
low,small,more,unacc,med,2,high
low,small,more,unacc,high,2,high
low,med,more,unacc,low,2,high
low,med,more,unacc,med,2,high
low,med,more,acc,high,2,high
low,big,more,unacc,low,2,high
low,big,more,acc,med,2,high
low,big,more,acc,high,2,high
low,small,2,unacc,low,3,high
low,small,2,unacc,med,3,high
low,small,2,unacc,high,3,high
low,med,2,unacc,low,3,high
low,med,2,unacc,med,3,high
low,med,2,unacc,high,3,high
low,big,2,unacc,low,3,high
low,big,2,unacc,med,3,high
low,big,2,unacc,high,3,high
low,small,4,unacc,low,3,high
low,small,4,unacc,med,3,high
low,small,4,acc,high,3,high
low,med,4,unacc,low,3,high
low,med,4,unacc,med,3,high
low,med,4,acc,high,3,high
low,big,4,unacc,low,3,high
low,big,4,acc,med,3,high
low,big,4,acc,high,3,high
low,small,more,unacc,low,3,high
low,small,more,unacc,med,3,high
low,small,more,acc,high,3,high
low,med,more,unacc,low,3,high
low,med,more,acc,med,3,high
low,med,more,acc,high,3,high
low,big,more,unacc,low,3,high
low,big,more,acc,med,3,high
low,big,more,acc,high,3,high
low,small,2,unacc,low,4,high
low,small,2,unacc,med,4,high
low,small,2,unacc,high,4,high
low,med,2,unacc,low,4,high
low,med,2,unacc,med,4,high
low,med,2,unacc,high,4,high
low,big,2,unacc,low,4,high
low,big,2,unacc,med,4,high
low,big,2,unacc,high,4,high
low,small,4,unacc,low,4,high
low,small,4,unacc,med,4,high
low,small,4,acc,high,4,high
low,med,4,unacc,low,4,high
low,med,4,acc,med,4,high
low,med,4,acc,high,4,high
low,big,4,unacc,low,4,high
low,big,4,acc,med,4,high
low,big,4,acc,high,4,high
low,small,more,unacc,low,4,high
low,small,more,unacc,med,4,high
low,small,more,acc,high,4,high
low,med,more,unacc,low,4,high
low,med,more,acc,med,4,high
low,med,more,acc,high,4,high
low,big,more,unacc,low,4,high
low,big,more,acc,med,4,high
low,big,more,acc,high,4,high
low,small,2,unacc,low,5more,high
low,small,2,unacc,med,5more,high
low,small,2,unacc,high,5more,high
low,med,2,unacc,low,5more,high
low,med,2,unacc,med,5more,high
low,med,2,unacc,high,5more,high
low,big,2,unacc,low,5more,high
low,big,2,unacc,med,5more,high
low,big,2,unacc,high,5more,high
low,small,4,unacc,low,5more,high
low,small,4,unacc,med,5more,high
low,small,4,acc,high,5more,high
low,med,4,unacc,low,5more,high
low,med,4,acc,med,5more,high
low,med,4,acc,high,5more,high
low,big,4,unacc,low,5more,high
low,big,4,acc,med,5more,high
low,big,4,acc,high,5more,high
low,small,more,unacc,low,5more,high
low,small,more,unacc,med,5more,high
low,small,more,acc,high,5more,high
low,med,more,unacc,low,5more,high
low,med,more,acc,med,5more,high
low,med,more,acc,high,5more,high
low,big,more,unacc,low,5more,high
low,big,more,acc,med,5more,high
low,big,more,acc,high,5more,high
vhigh,small,2,unacc,low,2,med
vhigh,small,2,unacc,med,2,med
vhigh,small,2,unacc,high,2,med
vhigh,med,2,unacc,low,2,med
vhigh,med,2,unacc,med,2,med
vhigh,med,2,unacc,high,2,med
vhigh,big,2,unacc,low,2,med
vhigh,big,2,unacc,med,2,med
vhigh,big,2,unacc,high,2,med
vhigh,small,4,unacc,low,2,med
vhigh,small,4,unacc,med,2,med
vhigh,small,4,acc,high,2,med
vhigh,med,4,unacc,low,2,med
vhigh,med,4,unacc,med,2,med
vhigh,med,4,acc,high,2,med
vhigh,big,4,unacc,low,2,med
vhigh,big,4,acc,med,2,med
vhigh,big,4,acc,high,2,med
vhigh,small,more,unacc,low,2,med
vhigh,small,more,unacc,med,2,med
vhigh,small,more,unacc,high,2,med
vhigh,med,more,unacc,low,2,med
vhigh,med,more,unacc,med,2,med
vhigh,med,more,acc,high,2,med
vhigh,big,more,unacc,low,2,med
vhigh,big,more,acc,med,2,med
vhigh,big,more,acc,high,2,med
vhigh,small,2,unacc,low,3,med
vhigh,small,2,unacc,med,3,med
vhigh,small,2,unacc,high,3,med
vhigh,med,2,unacc,low,3,med
vhigh,med,2,unacc,med,3,med
vhigh,med,2,unacc,high,3,med
vhigh,big,2,unacc,low,3,med
vhigh,big,2,unacc,med,3,med
vhigh,big,2,unacc,high,3,med
vhigh,small,4,unacc,low,3,med
vhigh,small,4,unacc,med,3,med
vhigh,small,4,acc,high,3,med
vhigh,med,4,unacc,low,3,med
vhigh,med,4,unacc,med,3,med
vhigh,med,4,acc,high,3,med
vhigh,big,4,unacc,low,3,med
vhigh,big,4,acc,med,3,med
vhigh,big,4,acc,high,3,med
vhigh,small,more,unacc,low,3,med
vhigh,small,more,unacc,med,3,med
vhigh,small,more,acc,high,3,med
vhigh,med,more,unacc,low,3,med
vhigh,med,more,acc,med,3,med
vhigh,med,more,acc,high,3,med
vhigh,big,more,unacc,low,3,med
vhigh,big,more,acc,med,3,med
vhigh,big,more,acc,high,3,med
vhigh,small,2,unacc,low,4,med
vhigh,small,2,unacc,med,4,med
vhigh,small,2,unacc,high,4,med
vhigh,med,2,unacc,low,4,med
vhigh,med,2,unacc,med,4,med
vhigh,med,2,unacc,high,4,med
vhigh,big,2,unacc,low,4,med
vhigh,big,2,unacc,med,4,med
vhigh,big,2,unacc,high,4,med
vhigh,small,4,unacc,low,4,med
vhigh,small,4,unacc,med,4,med
vhigh,small,4,acc,high,4,med
vhigh,med,4,unacc,low,4,med
vhigh,med,4,acc,med,4,med
vhigh,med,4,acc,high,4,med
vhigh,big,4,unacc,low,4,med
vhigh,big,4,acc,med,4,med
vhigh,big,4,acc,high,4,med
vhigh,small,more,unacc,low,4,med
vhigh,small,more,unacc,med,4,med
vhigh,small,more,acc,high,4,med
vhigh,med,more,unacc,low,4,med
vhigh,med,more,acc,med,4,med
vhigh,med,more,acc,high,4,med
vhigh,big,more,unacc,low,4,med
vhigh,big,more,acc,med,4,med
vhigh,big,more,acc,high,4,med
vhigh,small,2,unacc,low,5more,med
vhigh,small,2,unacc,med,5more,med
vhigh,small,2,unacc,high,5more,med
vhigh,med,2,unacc,low,5more,med
vhigh,med,2,unacc,med,5more,med
vhigh,med,2,unacc,high,5more,med
vhigh,big,2,unacc,low,5more,med
vhigh,big,2,unacc,med,5more,med
vhigh,big,2,unacc,high,5more,med
vhigh,small,4,unacc,low,5more,med
vhigh,small,4,unacc,med,5more,med
vhigh,small,4,acc,high,5more,med
vhigh,med,4,unacc,low,5more,med
vhigh,med,4,acc,med,5more,med
vhigh,med,4,acc,high,5more,med
vhigh,big,4,unacc,low,5more,med
vhigh,big,4,acc,med,5more,med
vhigh,big,4,acc,high,5more,med
vhigh,small,more,unacc,low,5more,med
vhigh,small,more,unacc,med,5more,med
vhigh,small,more,acc,high,5more,med
vhigh,med,more,unacc,low,5more,med
vhigh,med,more,acc,med,5more,med
vhigh,med,more,acc,high,5more,med
vhigh,big,more,unacc,low,5more,med
vhigh,big,more,acc,med,5more,med
vhigh,big,more,acc,high,5more,med
high,small,2,unacc,low,2,med
high,small,2,unacc,med,2,med
high,small,2,unacc,high,2,med
high,med,2,unacc,low,2,med
high,med,2,unacc,med,2,med
high,med,2,unacc,high,2,med
high,big,2,unacc,low,2,med
high,big,2,unacc,med,2,med
high,big,2,unacc,high,2,med
high,small,4,unacc,low,2,med
high,small,4,unacc,med,2,med
high,small,4,acc,high,2,med
high,med,4,unacc,low,2,med
high,med,4,unacc,med,2,med
high,med,4,acc,high,2,med
high,big,4,unacc,low,2,med
high,big,4,acc,med,2,med
high,big,4,acc,high,2,med
high,small,more,unacc,low,2,med
high,small,more,unacc,med,2,med
high,small,more,unacc,high,2,med
high,med,more,unacc,low,2,med
high,med,more,unacc,med,2,med
high,med,more,acc,high,2,med
high,big,more,unacc,low,2,med
high,big,more,acc,med,2,med
high,big,more,acc,high,2,med
high,small,2,unacc,low,3,med
high,small,2,unacc,med,3,med
high,small,2,unacc,high,3,med
high,med,2,unacc,low,3,med
high,med,2,unacc,med,3,med
high,med,2,unacc,high,3,med
high,big,2,unacc,low,3,med
high,big,2,unacc,med,3,med
high,big,2,unacc,high,3,med
high,small,4,unacc,low,3,med
high,small,4,unacc,med,3,med
high,small,4,acc,high,3,med
high,med,4,unacc,low,3,med
high,med,4,unacc,med,3,med
high,med,4,acc,high,3,med
high,big,4,unacc,low,3,med
high,big,4,acc,med,3,med
high,big,4,acc,high,3,med
high,small,more,unacc,low,3,med
high,small,more,unacc,med,3,med
high,small,more,acc,high,3,med
high,med,more,unacc,low,3,med
high,med,more,acc,med,3,med
high,med,more,acc,high,3,med
high,big,more,unacc,low,3,med
high,big,more,acc,med,3,med
high,big,more,acc,high,3,med
high,small,2,unacc,low,4,med
high,small,2,unacc,med,4,med
high,small,2,unacc,high,4,med
high,med,2,unacc,low,4,med
high,med,2,unacc,med,4,med
high,med,2,unacc,high,4,med
high,big,2,unacc,low,4,med
high,big,2,unacc,med,4,med
high,big,2,unacc,high,4,med
high,small,4,unacc,low,4,med
high,small,4,unacc,med,4,med
high,small,4,acc,high,4,med
high,med,4,unacc,low,4,med
high,med,4,acc,med,4,med
high,med,4,acc,high,4,med
high,big,4,unacc,low,4,med
high,big,4,acc,med,4,med
high,big,4,acc,high,4,med
high,small,more,unacc,low,4,med
high,small,more,unacc,med,4,med
high,small,more,acc,high,4,med
high,med,more,unacc,low,4,med
high,med,more,acc,med,4,med
high,med,more,acc,high,4,med
high,big,more,unacc,low,4,med
high,big,more,acc,med,4,med
high,big,more,acc,high,4,med
high,small,2,unacc,low,5more,med
high,small,2,unacc,med,5more,med
high,small,2,unacc,high,5more,med
high,med,2,unacc,low,5more,med
high,med,2,unacc,med,5more,med
high,med,2,unacc,high,5more,med
high,big,2,unacc,low,5more,med
high,big,2,unacc,med,5more,med
high,big,2,unacc,high,5more,med
high,small,4,unacc,low,5more,med
high,small,4,unacc,med,5more,med
high,small,4,acc,high,5more,med
high,med,4,unacc,low,5more,med
high,med,4,acc,med,5more,med
high,med,4,acc,high,5more,med
high,big,4,unacc,low,5more,med
high,big,4,acc,med,5more,med
high,big,4,acc,high,5more,med
high,small,more,unacc,low,5more,med
high,small,more,unacc,med,5more,med
high,small,more,acc,high,5more,med
high,med,more,unacc,low,5more,med
high,med,more,acc,med,5more,med
high,med,more,acc,high,5more,med
high,big,more,unacc,low,5more,med
high,big,more,acc,med,5more,med
high,big,more,acc,high,5more,med
med,small,2,unacc,low,2,med
med,small,2,unacc,med,2,med
med,small,2,unacc,high,2,med
med,med,2,unacc,low,2,med
med,med,2,unacc,med,2,med
med,med,2,unacc,high,2,med
med,big,2,unacc,low,2,med
med,big,2,unacc,med,2,med
med,big,2,unacc,high,2,med
med,small,4,unacc,low,2,med
med,small,4,acc,med,2,med
med,small,4,acc,high,2,med
med,med,4,unacc,low,2,med
med,med,4,acc,med,2,med
med,med,4,acc,high,2,med
med,big,4,unacc,low,2,med
med,big,4,acc,med,2,med
med,big,4,vgood,high,2,med
med,small,more,unacc,low,2,med
med,small,more,unacc,med,2,med
med,small,more,unacc,high,2,med
med,med,more,unacc,low,2,med
med,med,more,acc,med,2,med
med,med,more,acc,high,2,med
med,big,more,unacc,low,2,med
med,big,more,acc,med,2,med
med,big,more,vgood,high,2,med
med,small,2,unacc,low,3,med
med,small,2,unacc,med,3,med
med,small,2,unacc,high,3,med
med,med,2,unacc,low,3,med
med,med,2,unacc,med,3,med
med,med,2,unacc,high,3,med
med,big,2,unacc,low,3,med
med,big,2,unacc,med,3,med
med,big,2,unacc,high,3,med
med,small,4,unacc,low,3,med
med,small,4,acc,med,3,med
med,small,4,acc,high,3,med
med,med,4,unacc,low,3,med
med,med,4,acc,med,3,med
med,med,4,acc,high,3,med
med,big,4,unacc,low,3,med
med,big,4,acc,med,3,med
med,big,4,vgood,high,3,med
med,small,more,unacc,low,3,med
med,small,more,acc,med,3,med
med,small,more,acc,high,3,med
med,med,more,unacc,low,3,med
med,med,more,acc,med,3,med
med,med,more,vgood,high,3,med
med,big,more,unacc,low,3,med
med,big,more,acc,med,3,med
med,big,more,vgood,high,3,med
med,small,2,unacc,low,4,med
med,small,2,unacc,med,4,med
med,small,2,unacc,high,4,med
med,med,2,unacc,low,4,med
med,med,2,unacc,med,4,med
med,med,2,unacc,high,4,med
med,big,2,unacc,low,4,med
med,big,2,unacc,med,4,med
med,big,2,unacc,high,4,med
med,small,4,unacc,low,4,med
med,small,4,acc,med,4,med
med,small,4,acc,high,4,med
med,med,4,unacc,low,4,med
med,med,4,acc,med,4,med
med,med,4,vgood,high,4,med
med,big,4,unacc,low,4,med
med,big,4,acc,med,4,med
med,big,4,vgood,high,4,med
med,small,more,unacc,low,4,med
med,small,more,acc,med,4,med
med,small,more,acc,high,4,med
med,med,more,unacc,low,4,med
med,med,more,acc,med,4,med
med,med,more,vgood,high,4,med
med,big,more,unacc,low,4,med
med,big,more,acc,med,4,med
med,big,more,vgood,high,4,med
med,small,2,unacc,low,5more,med
med,small,2,unacc,med,5more,med
med,small,2,unacc,high,5more,med
med,med,2,unacc,low,5more,med
med,med,2,unacc,med,5more,med
med,med,2,unacc,high,5more,med
med,big,2,unacc,low,5more,med
med,big,2,unacc,med,5more,med
med,big,2,unacc,high,5more,med
med,small,4,unacc,low,5more,med
med,small,4,acc,med,5more,med
med,small,4,acc,high,5more,med
med,med,4,unacc,low,5more,med
med,med,4,acc,med,5more,med
med,med,4,vgood,high,5more,med
med,big,4,unacc,low,5more,med
med,big,4,acc,med,5more,med
med,big,4,vgood,high,5more,med
med,small,more,unacc,low,5more,med
med,small,more,acc,med,5more,med
med,small,more,acc,high,5more,med
med,med,more,unacc,low,5more,med
med,med,more,acc,med,5more,med
med,med,more,vgood,high,5more,med
med,big,more,unacc,low,5more,med
med,big,more,acc,med,5more,med
med,big,more,vgood,high,5more,med
low,small,2,unacc,low,2,med
low,small,2,unacc,med,2,med
low,small,2,unacc,high,2,med
low,med,2,unacc,low,2,med
low,med,2,unacc,med,2,med
low,med,2,unacc,high,2,med
low,big,2,unacc,low,2,med
low,big,2,unacc,med,2,med
low,big,2,unacc,high,2,med
low,small,4,unacc,low,2,med
low,small,4,acc,med,2,med
low,small,4,good,high,2,med
low,med,4,unacc,low,2,med
low,med,4,acc,med,2,med
low,med,4,good,high,2,med
low,big,4,unacc,low,2,med
low,big,4,good,med,2,med
low,big,4,vgood,high,2,med
low,small,more,unacc,low,2,med
low,small,more,unacc,med,2,med
low,small,more,unacc,high,2,med
low,med,more,unacc,low,2,med
low,med,more,acc,med,2,med
low,med,more,good,high,2,med
low,big,more,unacc,low,2,med
low,big,more,good,med,2,med
low,big,more,vgood,high,2,med
low,small,2,unacc,low,3,med
low,small,2,unacc,med,3,med
low,small,2,unacc,high,3,med
low,med,2,unacc,low,3,med
low,med,2,unacc,med,3,med
low,med,2,unacc,high,3,med
low,big,2,unacc,low,3,med
low,big,2,unacc,med,3,med
low,big,2,unacc,high,3,med
low,small,4,unacc,low,3,med
low,small,4,acc,med,3,med
low,small,4,good,high,3,med
low,med,4,unacc,low,3,med
low,med,4,acc,med,3,med
low,med,4,good,high,3,med
low,big,4,unacc,low,3,med
low,big,4,good,med,3,med
low,big,4,vgood,high,3,med
low,small,more,unacc,low,3,med
low,small,more,acc,med,3,med
low,small,more,good,high,3,med
low,med,more,unacc,low,3,med
low,med,more,good,med,3,med
low,med,more,vgood,high,3,med
low,big,more,unacc,low,3,med
low,big,more,good,med,3,med
low,big,more,vgood,high,3,med
low,small,2,unacc,low,4,med
low,small,2,unacc,med,4,med
low,small,2,unacc,high,4,med
low,med,2,unacc,low,4,med
low,med,2,unacc,med,4,med
low,med,2,unacc,high,4,med
low,big,2,unacc,low,4,med
low,big,2,unacc,med,4,med
low,big,2,unacc,high,4,med
low,small,4,unacc,low,4,med
low,small,4,acc,med,4,med
low,small,4,good,high,4,med
low,med,4,unacc,low,4,med
low,med,4,good,med,4,med
low,med,4,vgood,high,4,med
low,big,4,unacc,low,4,med
low,big,4,good,med,4,med
low,big,4,vgood,high,4,med
low,small,more,unacc,low,4,med
low,small,more,acc,med,4,med
low,small,more,good,high,4,med
low,med,more,unacc,low,4,med
low,med,more,good,med,4,med
low,med,more,vgood,high,4,med
low,big,more,unacc,low,4,med
low,big,more,good,med,4,med
low,big,more,vgood,high,4,med
low,small,2,unacc,low,5more,med
low,small,2,unacc,med,5more,med
low,small,2,unacc,high,5more,med
low,med,2,unacc,low,5more,med
low,med,2,unacc,med,5more,med
low,med,2,unacc,high,5more,med
low,big,2,unacc,low,5more,med
low,big,2,unacc,med,5more,med
low,big,2,unacc,high,5more,med
low,small,4,unacc,low,5more,med
low,small,4,acc,med,5more,med
low,small,4,good,high,5more,med
low,med,4,unacc,low,5more,med
low,med,4,good,med,5more,med
low,med,4,vgood,high,5more,med
low,big,4,unacc,low,5more,med
low,big,4,good,med,5more,med
low,big,4,vgood,high,5more,med
low,small,more,unacc,low,5more,med
low,small,more,acc,med,5more,med
low,small,more,good,high,5more,med
low,med,more,unacc,low,5more,med
low,med,more,good,med,5more,med
low,med,more,vgood,high,5more,med
low,big,more,unacc,low,5more,med
low,big,more,good,med,5more,med
low,big,more,vgood,high,5more,med
vhigh,small,2,unacc,low,2,low
vhigh,small,2,unacc,med,2,low
vhigh,small,2,unacc,high,2,low
vhigh,med,2,unacc,low,2,low
vhigh,med,2,unacc,med,2,low
vhigh,med,2,unacc,high,2,low
vhigh,big,2,unacc,low,2,low
vhigh,big,2,unacc,med,2,low
vhigh,big,2,unacc,high,2,low
vhigh,small,4,unacc,low,2,low
vhigh,small,4,unacc,med,2,low
vhigh,small,4,acc,high,2,low
vhigh,med,4,unacc,low,2,low
vhigh,med,4,unacc,med,2,low
vhigh,med,4,acc,high,2,low
vhigh,big,4,unacc,low,2,low
vhigh,big,4,acc,med,2,low
vhigh,big,4,acc,high,2,low
vhigh,small,more,unacc,low,2,low
vhigh,small,more,unacc,med,2,low
vhigh,small,more,unacc,high,2,low
vhigh,med,more,unacc,low,2,low
vhigh,med,more,unacc,med,2,low
vhigh,med,more,acc,high,2,low
vhigh,big,more,unacc,low,2,low
vhigh,big,more,acc,med,2,low
vhigh,big,more,acc,high,2,low
vhigh,small,2,unacc,low,3,low
vhigh,small,2,unacc,med,3,low
vhigh,small,2,unacc,high,3,low
vhigh,med,2,unacc,low,3,low
vhigh,med,2,unacc,med,3,low
vhigh,med,2,unacc,high,3,low
vhigh,big,2,unacc,low,3,low
vhigh,big,2,unacc,med,3,low
vhigh,big,2,unacc,high,3,low
vhigh,small,4,unacc,low,3,low
vhigh,small,4,unacc,med,3,low
vhigh,small,4,acc,high,3,low
vhigh,med,4,unacc,low,3,low
vhigh,med,4,unacc,med,3,low
vhigh,med,4,acc,high,3,low
vhigh,big,4,unacc,low,3,low
vhigh,big,4,acc,med,3,low
vhigh,big,4,acc,high,3,low
vhigh,small,more,unacc,low,3,low
vhigh,small,more,unacc,med,3,low
vhigh,small,more,acc,high,3,low
vhigh,med,more,unacc,low,3,low
vhigh,med,more,acc,med,3,low
vhigh,med,more,acc,high,3,low
vhigh,big,more,unacc,low,3,low
vhigh,big,more,acc,med,3,low
vhigh,big,more,acc,high,3,low
vhigh,small,2,unacc,low,4,low
vhigh,small,2,unacc,med,4,low
vhigh,small,2,unacc,high,4,low
vhigh,med,2,unacc,low,4,low
vhigh,med,2,unacc,med,4,low
vhigh,med,2,unacc,high,4,low
vhigh,big,2,unacc,low,4,low
vhigh,big,2,unacc,med,4,low
vhigh,big,2,unacc,high,4,low
vhigh,small,4,unacc,low,4,low
vhigh,small,4,unacc,med,4,low
vhigh,small,4,acc,high,4,low
vhigh,med,4,unacc,low,4,low
vhigh,med,4,acc,med,4,low
vhigh,med,4,acc,high,4,low
vhigh,big,4,unacc,low,4,low
vhigh,big,4,acc,med,4,low
vhigh,big,4,acc,high,4,low
vhigh,small,more,unacc,low,4,low
vhigh,small,more,unacc,med,4,low
vhigh,small,more,acc,high,4,low
vhigh,med,more,unacc,low,4,low
vhigh,med,more,acc,med,4,low
vhigh,med,more,acc,high,4,low
vhigh,big,more,unacc,low,4,low
vhigh,big,more,acc,med,4,low
vhigh,big,more,acc,high,4,low
vhigh,small,2,unacc,low,5more,low
vhigh,small,2,unacc,med,5more,low
vhigh,small,2,unacc,high,5more,low
vhigh,med,2,unacc,low,5more,low
vhigh,med,2,unacc,med,5more,low
vhigh,med,2,unacc,high,5more,low
vhigh,big,2,unacc,low,5more,low
vhigh,big,2,unacc,med,5more,low
vhigh,big,2,unacc,high,5more,low
vhigh,small,4,unacc,low,5more,low
vhigh,small,4,unacc,med,5more,low
vhigh,small,4,acc,high,5more,low
vhigh,med,4,unacc,low,5more,low
vhigh,med,4,acc,med,5more,low
vhigh,med,4,acc,high,5more,low
vhigh,big,4,unacc,low,5more,low
vhigh,big,4,acc,med,5more,low
vhigh,big,4,acc,high,5more,low
vhigh,small,more,unacc,low,5more,low
vhigh,small,more,unacc,med,5more,low
vhigh,small,more,acc,high,5more,low
vhigh,med,more,unacc,low,5more,low
vhigh,med,more,acc,med,5more,low
vhigh,med,more,acc,high,5more,low
vhigh,big,more,unacc,low,5more,low
vhigh,big,more,acc,med,5more,low
vhigh,big,more,acc,high,5more,low
high,small,2,unacc,low,2,low
high,small,2,unacc,med,2,low
high,small,2,unacc,high,2,low
high,med,2,unacc,low,2,low
high,med,2,unacc,med,2,low
high,med,2,unacc,high,2,low
high,big,2,unacc,low,2,low
high,big,2,unacc,med,2,low
high,big,2,unacc,high,2,low
high,small,4,unacc,low,2,low
high,small,4,acc,med,2,low
high,small,4,acc,high,2,low
high,med,4,unacc,low,2,low
high,med,4,acc,med,2,low
high,med,4,acc,high,2,low
high,big,4,unacc,low,2,low
high,big,4,acc,med,2,low
high,big,4,vgood,high,2,low
high,small,more,unacc,low,2,low
high,small,more,unacc,med,2,low
high,small,more,unacc,high,2,low
high,med,more,unacc,low,2,low
high,med,more,acc,med,2,low
high,med,more,acc,high,2,low
high,big,more,unacc,low,2,low
high,big,more,acc,med,2,low
high,big,more,vgood,high,2,low
high,small,2,unacc,low,3,low
high,small,2,unacc,med,3,low
high,small,2,unacc,high,3,low
high,med,2,unacc,low,3,low
high,med,2,unacc,med,3,low
high,med,2,unacc,high,3,low
high,big,2,unacc,low,3,low
high,big,2,unacc,med,3,low
high,big,2,unacc,high,3,low
high,small,4,unacc,low,3,low
high,small,4,acc,med,3,low
high,small,4,acc,high,3,low
high,med,4,unacc,low,3,low
high,med,4,acc,med,3,low
high,med,4,acc,high,3,low
high,big,4,unacc,low,3,low
high,big,4,acc,med,3,low
high,big,4,vgood,high,3,low
high,small,more,unacc,low,3,low
high,small,more,acc,med,3,low
high,small,more,acc,high,3,low
high,med,more,unacc,low,3,low
high,med,more,acc,med,3,low
high,med,more,vgood,high,3,low
high,big,more,unacc,low,3,low
high,big,more,acc,med,3,low
high,big,more,vgood,high,3,low
high,small,2,unacc,low,4,low
high,small,2,unacc,med,4,low
high,small,2,unacc,high,4,low
high,med,2,unacc,low,4,low
high,med,2,unacc,med,4,low
high,med,2,unacc,high,4,low
high,big,2,unacc,low,4,low
high,big,2,unacc,med,4,low
high,big,2,unacc,high,4,low
high,small,4,unacc,low,4,low
high,small,4,acc,med,4,low
high,small,4,acc,high,4,low
high,med,4,unacc,low,4,low
high,med,4,acc,med,4,low
high,med,4,vgood,high,4,low
high,big,4,unacc,low,4,low
high,big,4,acc,med,4,low
high,big,4,vgood,high,4,low
high,small,more,unacc,low,4,low
high,small,more,acc,med,4,low
high,small,more,acc,high,4,low
high,med,more,unacc,low,4,low
high,med,more,acc,med,4,low
high,med,more,vgood,high,4,low
high,big,more,unacc,low,4,low
high,big,more,acc,med,4,low
high,big,more,vgood,high,4,low
high,small,2,unacc,low,5more,low
high,small,2,unacc,med,5more,low
high,small,2,unacc,high,5more,low
high,med,2,unacc,low,5more,low
high,med,2,unacc,med,5more,low
high,med,2,unacc,high,5more,low
high,big,2,unacc,low,5more,low
high,big,2,unacc,med,5more,low
high,big,2,unacc,high,5more,low
high,small,4,unacc,low,5more,low
high,small,4,acc,med,5more,low
high,small,4,acc,high,5more,low
high,med,4,unacc,low,5more,low
high,med,4,acc,med,5more,low
high,med,4,vgood,high,5more,low
high,big,4,unacc,low,5more,low
high,big,4,acc,med,5more,low
high,big,4,vgood,high,5more,low
high,small,more,unacc,low,5more,low
high,small,more,acc,med,5more,low
high,small,more,acc,high,5more,low
high,med,more,unacc,low,5more,low
high,med,more,acc,med,5more,low
high,med,more,vgood,high,5more,low
high,big,more,unacc,low,5more,low
high,big,more,acc,med,5more,low
high,big,more,vgood,high,5more,low
med,small,2,unacc,low,2,low
med,small,2,unacc,med,2,low
med,small,2,unacc,high,2,low
med,med,2,unacc,low,2,low
med,med,2,unacc,med,2,low
med,med,2,unacc,high,2,low
med,big,2,unacc,low,2,low
med,big,2,unacc,med,2,low
med,big,2,unacc,high,2,low
med,small,4,unacc,low,2,low
med,small,4,acc,med,2,low
med,small,4,good,high,2,low
med,med,4,unacc,low,2,low
med,med,4,acc,med,2,low
med,med,4,good,high,2,low
med,big,4,unacc,low,2,low
med,big,4,good,med,2,low
med,big,4,vgood,high,2,low
med,small,more,unacc,low,2,low
med,small,more,unacc,med,2,low
med,small,more,unacc,high,2,low
med,med,more,unacc,low,2,low
med,med,more,acc,med,2,low
med,med,more,good,high,2,low
med,big,more,unacc,low,2,low
med,big,more,good,med,2,low
med,big,more,vgood,high,2,low
med,small,2,unacc,low,3,low
med,small,2,unacc,med,3,low
med,small,2,unacc,high,3,low
med,med,2,unacc,low,3,low
med,med,2,unacc,med,3,low
med,med,2,unacc,high,3,low
med,big,2,unacc,low,3,low
med,big,2,unacc,med,3,low
med,big,2,unacc,high,3,low
med,small,4,unacc,low,3,low
med,small,4,acc,med,3,low
med,small,4,good,high,3,low
med,med,4,unacc,low,3,low
med,med,4,acc,med,3,low
med,med,4,good,high,3,low
med,big,4,unacc,low,3,low
med,big,4,good,med,3,low
med,big,4,vgood,high,3,low
med,small,more,unacc,low,3,low
med,small,more,acc,med,3,low
med,small,more,good,high,3,low
med,med,more,unacc,low,3,low
med,med,more,good,med,3,low
med,med,more,vgood,high,3,low
med,big,more,unacc,low,3,low
med,big,more,good,med,3,low
med,big,more,vgood,high,3,low
med,small,2,unacc,low,4,low
med,small,2,unacc,med,4,low
med,small,2,unacc,high,4,low
med,med,2,unacc,low,4,low
med,med,2,unacc,med,4,low
med,med,2,unacc,high,4,low
med,big,2,unacc,low,4,low
med,big,2,unacc,med,4,low
med,big,2,unacc,high,4,low
med,small,4,unacc,low,4,low
med,small,4,acc,med,4,low
med,small,4,good,high,4,low
med,med,4,unacc,low,4,low
med,med,4,good,med,4,low
med,med,4,vgood,high,4,low
med,big,4,unacc,low,4,low
med,big,4,good,med,4,low
med,big,4,vgood,high,4,low
med,small,more,unacc,low,4,low
med,small,more,acc,med,4,low
med,small,more,good,high,4,low
med,med,more,unacc,low,4,low
med,med,more,good,med,4,low
med,med,more,vgood,high,4,low
med,big,more,unacc,low,4,low
med,big,more,good,med,4,low
med,big,more,vgood,high,4,low
med,small,2,unacc,low,5more,low
med,small,2,unacc,med,5more,low
med,small,2,unacc,high,5more,low
med,med,2,unacc,low,5more,low
med,med,2,unacc,med,5more,low
med,med,2,unacc,high,5more,low
med,big,2,unacc,low,5more,low
med,big,2,unacc,med,5more,low
med,big,2,unacc,high,5more,low
med,small,4,unacc,low,5more,low
med,small,4,acc,med,5more,low
med,small,4,good,high,5more,low
med,med,4,unacc,low,5more,low
med,med,4,good,med,5more,low
med,med,4,vgood,high,5more,low
med,big,4,unacc,low,5more,low
med,big,4,good,med,5more,low
med,big,4,vgood,high,5more,low
med,small,more,unacc,low,5more,low
med,small,more,acc,med,5more,low
med,small,more,good,high,5more,low
med,med,more,unacc,low,5more,low
med,med,more,good,med,5more,low
med,med,more,vgood,high,5more,low
med,big,more,unacc,low,5more,low
med,big,more,good,med,5more,low
med,big,more,vgood,high,5more,low
low,small,2,unacc,low,2,low
low,small,2,unacc,med,2,low
low,small,2,unacc,high,2,low
low,med,2,unacc,low,2,low
low,med,2,unacc,med,2,low
low,med,2,unacc,high,2,low
low,big,2,unacc,low,2,low
low,big,2,unacc,med,2,low
low,big,2,unacc,high,2,low
low,small,4,unacc,low,2,low
low,small,4,acc,med,2,low
low,small,4,good,high,2,low
low,med,4,unacc,low,2,low
low,med,4,acc,med,2,low
low,med,4,good,high,2,low
low,big,4,unacc,low,2,low
low,big,4,good,med,2,low
low,big,4,vgood,high,2,low
low,small,more,unacc,low,2,low
low,small,more,unacc,med,2,low
low,small,more,unacc,high,2,low
low,med,more,unacc,low,2,low
low,med,more,acc,med,2,low
low,med,more,good,high,2,low
low,big,more,unacc,low,2,low
low,big,more,good,med,2,low
low,big,more,vgood,high,2,low
low,small,2,unacc,low,3,low
low,small,2,unacc,med,3,low
low,small,2,unacc,high,3,low
low,med,2,unacc,low,3,low
low,med,2,unacc,med,3,low
low,med,2,unacc,high,3,low
low,big,2,unacc,low,3,low
low,big,2,unacc,med,3,low
low,big,2,unacc,high,3,low
low,small,4,unacc,low,3,low
low,small,4,acc,med,3,low
low,small,4,good,high,3,low
low,med,4,unacc,low,3,low
low,med,4,acc,med,3,low
low,med,4,good,high,3,low
low,big,4,unacc,low,3,low
low,big,4,good,med,3,low
low,big,4,vgood,high,3,low
low,small,more,unacc,low,3,low
low,small,more,acc,med,3,low
low,small,more,good,high,3,low
low,med,more,unacc,low,3,low
low,med,more,good,med,3,low
low,med,more,vgood,high,3,low
low,big,more,unacc,low,3,low
low,big,more,good,med,3,low
low,big,more,vgood,high,3,low
low,small,2,unacc,low,4,low
low,small,2,unacc,med,4,low
low,small,2,unacc,high,4,low
low,med,2,unacc,low,4,low
low,med,2,unacc,med,4,low
low,med,2,unacc,high,4,low
low,big,2,unacc,low,4,low
low,big,2,unacc,med,4,low
low,big,2,unacc,high,4,low
low,small,4,unacc,low,4,low
low,small,4,acc,med,4,low
low,small,4,good,high,4,low
low,med,4,unacc,low,4,low
low,med,4,good,med,4,low
low,med,4,vgood,high,4,low
low,big,4,unacc,low,4,low
low,big,4,good,med,4,low
low,big,4,vgood,high,4,low
low,small,more,unacc,low,4,low
low,small,more,acc,med,4,low
low,small,more,good,high,4,low
low,med,more,unacc,low,4,low
low,med,more,good,med,4,low
low,med,more,vgood,high,4,low
low,big,more,unacc,low,4,low
low,big,more,good,med,4,low
low,big,more,vgood,high,4,low
low,small,2,unacc,low,5more,low
low,small,2,unacc,med,5more,low
low,small,2,unacc,high,5more,low
low,med,2,unacc,low,5more,low
low,med,2,unacc,med,5more,low
low,med,2,unacc,high,5more,low
low,big,2,unacc,low,5more,low
low,big,2,unacc,med,5more,low
low,big,2,unacc,high,5more,low
low,small,4,unacc,low,5more,low
low,small,4,acc,med,5more,low
low,small,4,good,high,5more,low
low,med,4,unacc,low,5more,low
low,med,4,good,med,5more,low
low,med,4,vgood,high,5more,low
low,big,4,unacc,low,5more,low
low,big,4,good,med,5more,low
low,big,4,vgood,high,5more,low
low,small,more,unacc,low,5more,low
low,small,more,acc,med,5more,low
low,small,more,good,high,5more,low
low,med,more,unacc,low,5more,low
low,med,more,good,med,5more,low
low,med,more,vgood,high,5more,low
low,big,more,unacc,low,5more,low
low,big,more,good,med,5more,low
low,big,more,vgood,high,5more,low
